"Année","Canton","Nationalité (catégorie)","Sexe","Âge","Immigration, y compris les changements de type de population"
"1981","Suisse","Étranger","Sexe - total","Âge - total",92937
"1981","Zürich","Étranger","Sexe - total","Âge - total",17293
"1981","Bern / Berne","Étranger","Sexe - total","Âge - total",7592
"1981","Luzern","Étranger","Sexe - total","Âge - total",2999
"1981","Uri","Étranger","Sexe - total","Âge - total",331
"1981","Schwyz","Étranger","Sexe - total","Âge - total",1005
"1981","Obwalden","Étranger","Sexe - total","Âge - total",293
"1981","Nidwalden","Étranger","Sexe - total","Âge - total",206
"1981","Glarus","Étranger","Sexe - total","Âge - total",718
"1981","Zug","Étranger","Sexe - total","Âge - total",938
"1981","Fribourg / Freiburg","Étranger","Sexe - total","Âge - total",2172
"1981","Solothurn","Étranger","Sexe - total","Âge - total",2610
"1981","Basel-Stadt","Étranger","Sexe - total","Âge - total",3768
"1981","Basel-Landschaft","Étranger","Sexe - total","Âge - total",2871
"1981","Schaffhausen","Étranger","Sexe - total","Âge - total",948
"1981","Appenzell Ausserrhoden","Étranger","Sexe - total","Âge - total",692
"1981","Appenzell Innerrhoden","Étranger","Sexe - total","Âge - total",114
"1981","St. Gallen","Étranger","Sexe - total","Âge - total",5878
"1981","Graubünden / Grigioni / Grischun","Étranger","Sexe - total","Âge - total",2906
"1981","Aargau","Étranger","Sexe - total","Âge - total",5774
"1981","Thurgau","Étranger","Sexe - total","Âge - total",2780
"1981","Ticino","Étranger","Sexe - total","Âge - total",5036
"1981","Vaud","Étranger","Sexe - total","Âge - total",11546
"1981","Valais / Wallis","Étranger","Sexe - total","Âge - total",2872
"1981","Neuchâtel","Étranger","Sexe - total","Âge - total",2150
"1981","Genčve","Étranger","Sexe - total","Âge - total",8813
"1981","Jura","Étranger","Sexe - total","Âge - total",632
"1981","Sans indication","Étranger","Sexe - total","Âge - total",0
"1982","Suisse","Étranger","Sexe - total","Âge - total",86725
"1982","Zürich","Étranger","Sexe - total","Âge - total",16236
"1982","Bern / Berne","Étranger","Sexe - total","Âge - total",6938
"1982","Luzern","Étranger","Sexe - total","Âge - total",2550
"1982","Uri","Étranger","Sexe - total","Âge - total",367
"1982","Schwyz","Étranger","Sexe - total","Âge - total",990
"1982","Obwalden","Étranger","Sexe - total","Âge - total",240
"1982","Nidwalden","Étranger","Sexe - total","Âge - total",159
"1982","Glarus","Étranger","Sexe - total","Âge - total",533
"1982","Zug","Étranger","Sexe - total","Âge - total",825
"1982","Fribourg / Freiburg","Étranger","Sexe - total","Âge - total",2029
"1982","Solothurn","Étranger","Sexe - total","Âge - total",1895
"1982","Basel-Stadt","Étranger","Sexe - total","Âge - total",3595
"1982","Basel-Landschaft","Étranger","Sexe - total","Âge - total",2256
"1982","Schaffhausen","Étranger","Sexe - total","Âge - total",670
"1982","Appenzell Ausserrhoden","Étranger","Sexe - total","Âge - total",580
"1982","Appenzell Innerrhoden","Étranger","Sexe - total","Âge - total",140
"1982","St. Gallen","Étranger","Sexe - total","Âge - total",5042
"1982","Graubünden / Grigioni / Grischun","Étranger","Sexe - total","Âge - total",2586
"1982","Aargau","Étranger","Sexe - total","Âge - total",5176
"1982","Thurgau","Étranger","Sexe - total","Âge - total",2381
"1982","Ticino","Étranger","Sexe - total","Âge - total",4495
"1982","Vaud","Étranger","Sexe - total","Âge - total",11271
"1982","Valais / Wallis","Étranger","Sexe - total","Âge - total",3058
"1982","Neuchâtel","Étranger","Sexe - total","Âge - total",2101
"1982","Genčve","Étranger","Sexe - total","Âge - total",10123
"1982","Jura","Étranger","Sexe - total","Âge - total",489
"1982","Sans indication","Étranger","Sexe - total","Âge - total",0
"1983","Suisse","Étranger","Sexe - total","Âge - total",69145
"1983","Zürich","Étranger","Sexe - total","Âge - total",11537
"1983","Bern / Berne","Étranger","Sexe - total","Âge - total",5334
"1983","Luzern","Étranger","Sexe - total","Âge - total",2143
"1983","Uri","Étranger","Sexe - total","Âge - total",182
"1983","Schwyz","Étranger","Sexe - total","Âge - total",763
"1983","Obwalden","Étranger","Sexe - total","Âge - total",176
"1983","Nidwalden","Étranger","Sexe - total","Âge - total",156
"1983","Glarus","Étranger","Sexe - total","Âge - total",353
"1983","Zug","Étranger","Sexe - total","Âge - total",708
"1983","Fribourg / Freiburg","Étranger","Sexe - total","Âge - total",1534
"1983","Solothurn","Étranger","Sexe - total","Âge - total",1400
"1983","Basel-Stadt","Étranger","Sexe - total","Âge - total",3872
"1983","Basel-Landschaft","Étranger","Sexe - total","Âge - total",1691
"1983","Schaffhausen","Étranger","Sexe - total","Âge - total",477
"1983","Appenzell Ausserrhoden","Étranger","Sexe - total","Âge - total",463
"1983","Appenzell Innerrhoden","Étranger","Sexe - total","Âge - total",116
"1983","St. Gallen","Étranger","Sexe - total","Âge - total",3794
"1983","Graubünden / Grigioni / Grischun","Étranger","Sexe - total","Âge - total",1834
"1983","Aargau","Étranger","Sexe - total","Âge - total",4059
"1983","Thurgau","Étranger","Sexe - total","Âge - total",1632
"1983","Ticino","Étranger","Sexe - total","Âge - total",2847
"1983","Vaud","Étranger","Sexe - total","Âge - total",10274
"1983","Valais / Wallis","Étranger","Sexe - total","Âge - total",2847
"1983","Neuchâtel","Étranger","Sexe - total","Âge - total",1542
"1983","Genčve","Étranger","Sexe - total","Âge - total",9045
"1983","Jura","Étranger","Sexe - total","Âge - total",366
"1983","Sans indication","Étranger","Sexe - total","Âge - total",0
"1984","Suisse","Étranger","Sexe - total","Âge - total",69998
"1984","Zürich","Étranger","Sexe - total","Âge - total",11978
"1984","Bern / Berne","Étranger","Sexe - total","Âge - total",5515
"1984","Luzern","Étranger","Sexe - total","Âge - total",2218
"1984","Uri","Étranger","Sexe - total","Âge - total",195
"1984","Schwyz","Étranger","Sexe - total","Âge - total",655
"1984","Obwalden","Étranger","Sexe - total","Âge - total",197
"1984","Nidwalden","Étranger","Sexe - total","Âge - total",144
"1984","Glarus","Étranger","Sexe - total","Âge - total",403
"1984","Zug","Étranger","Sexe - total","Âge - total",754
"1984","Fribourg / Freiburg","Étranger","Sexe - total","Âge - total",1662
"1984","Solothurn","Étranger","Sexe - total","Âge - total",1462
"1984","Basel-Stadt","Étranger","Sexe - total","Âge - total",3086
"1984","Basel-Landschaft","Étranger","Sexe - total","Âge - total",1758
"1984","Schaffhausen","Étranger","Sexe - total","Âge - total",413
"1984","Appenzell Ausserrhoden","Étranger","Sexe - total","Âge - total",449
"1984","Appenzell Innerrhoden","Étranger","Sexe - total","Âge - total",103
"1984","St. Gallen","Étranger","Sexe - total","Âge - total",3710
"1984","Graubünden / Grigioni / Grischun","Étranger","Sexe - total","Âge - total",1823
"1984","Aargau","Étranger","Sexe - total","Âge - total",3428
"1984","Thurgau","Étranger","Sexe - total","Âge - total",1800
"1984","Ticino","Étranger","Sexe - total","Âge - total",2742
"1984","Vaud","Étranger","Sexe - total","Âge - total",10314
"1984","Valais / Wallis","Étranger","Sexe - total","Âge - total",2952
"1984","Neuchâtel","Étranger","Sexe - total","Âge - total",1843
"1984","Genčve","Étranger","Sexe - total","Âge - total",10015
"1984","Jura","Étranger","Sexe - total","Âge - total",379
"1984","Sans indication","Étranger","Sexe - total","Âge - total",0
"1985","Suisse","Étranger","Sexe - total","Âge - total",72356
"1985","Zürich","Étranger","Sexe - total","Âge - total",11892
"1985","Bern / Berne","Étranger","Sexe - total","Âge - total",5473
"1985","Luzern","Étranger","Sexe - total","Âge - total",2314
"1985","Uri","Étranger","Sexe - total","Âge - total",160
"1985","Schwyz","Étranger","Sexe - total","Âge - total",769
"1985","Obwalden","Étranger","Sexe - total","Âge - total",205
"1985","Nidwalden","Étranger","Sexe - total","Âge - total",155
"1985","Glarus","Étranger","Sexe - total","Âge - total",406
"1985","Zug","Étranger","Sexe - total","Âge - total",813
"1985","Fribourg / Freiburg","Étranger","Sexe - total","Âge - total",1915
"1985","Solothurn","Étranger","Sexe - total","Âge - total",1367
"1985","Basel-Stadt","Étranger","Sexe - total","Âge - total",3018
"1985","Basel-Landschaft","Étranger","Sexe - total","Âge - total",1763
"1985","Schaffhausen","Étranger","Sexe - total","Âge - total",474
"1985","Appenzell Ausserrhoden","Étranger","Sexe - total","Âge - total",515
"1985","Appenzell Innerrhoden","Étranger","Sexe - total","Âge - total",113
"1985","St. Gallen","Étranger","Sexe - total","Âge - total",4013
"1985","Graubünden / Grigioni / Grischun","Étranger","Sexe - total","Âge - total",1985
"1985","Aargau","Étranger","Sexe - total","Âge - total",4240
"1985","Thurgau","Étranger","Sexe - total","Âge - total",1750
"1985","Ticino","Étranger","Sexe - total","Âge - total",2941
"1985","Vaud","Étranger","Sexe - total","Âge - total",10837
"1985","Valais / Wallis","Étranger","Sexe - total","Âge - total",3542
"1985","Neuchâtel","Étranger","Sexe - total","Âge - total",1809
"1985","Genčve","Étranger","Sexe - total","Âge - total",9455
"1985","Jura","Étranger","Sexe - total","Âge - total",432
"1985","Sans indication","Étranger","Sexe - total","Âge - total",0
"1986","Suisse","Étranger","Sexe - total","Âge - total",79686
"1986","Zürich","Étranger","Sexe - total","Âge - total",13178
"1986","Bern / Berne","Étranger","Sexe - total","Âge - total",6222
"1986","Luzern","Étranger","Sexe - total","Âge - total",2748
"1986","Uri","Étranger","Sexe - total","Âge - total",150
"1986","Schwyz","Étranger","Sexe - total","Âge - total",777
"1986","Obwalden","Étranger","Sexe - total","Âge - total",203
"1986","Nidwalden","Étranger","Sexe - total","Âge - total",214
"1986","Glarus","Étranger","Sexe - total","Âge - total",414
"1986","Zug","Étranger","Sexe - total","Âge - total",797
"1986","Fribourg / Freiburg","Étranger","Sexe - total","Âge - total",1975
"1986","Solothurn","Étranger","Sexe - total","Âge - total",1554
"1986","Basel-Stadt","Étranger","Sexe - total","Âge - total",3009
"1986","Basel-Landschaft","Étranger","Sexe - total","Âge - total",1751
"1986","Schaffhausen","Étranger","Sexe - total","Âge - total",560
"1986","Appenzell Ausserrhoden","Étranger","Sexe - total","Âge - total",461
"1986","Appenzell Innerrhoden","Étranger","Sexe - total","Âge - total",125
"1986","St. Gallen","Étranger","Sexe - total","Âge - total",4127
"1986","Graubünden / Grigioni / Grischun","Étranger","Sexe - total","Âge - total",2204
"1986","Aargau","Étranger","Sexe - total","Âge - total",4369
"1986","Thurgau","Étranger","Sexe - total","Âge - total",2055
"1986","Ticino","Étranger","Sexe - total","Âge - total",3360
"1986","Vaud","Étranger","Sexe - total","Âge - total",13233
"1986","Valais / Wallis","Étranger","Sexe - total","Âge - total",4221
"1986","Neuchâtel","Étranger","Sexe - total","Âge - total",2276
"1986","Genčve","Étranger","Sexe - total","Âge - total",9289
"1986","Jura","Étranger","Sexe - total","Âge - total",414
"1986","Sans indication","Étranger","Sexe - total","Âge - total",0
"1987","Suisse","Étranger","Sexe - total","Âge - total",83927
"1987","Zürich","Étranger","Sexe - total","Âge - total",14668
"1987","Bern / Berne","Étranger","Sexe - total","Âge - total",7353
"1987","Luzern","Étranger","Sexe - total","Âge - total",2907
"1987","Uri","Étranger","Sexe - total","Âge - total",156
"1987","Schwyz","Étranger","Sexe - total","Âge - total",889
"1987","Obwalden","Étranger","Sexe - total","Âge - total",207
"1987","Nidwalden","Étranger","Sexe - total","Âge - total",229
"1987","Glarus","Étranger","Sexe - total","Âge - total",444
"1987","Zug","Étranger","Sexe - total","Âge - total",937
"1987","Fribourg / Freiburg","Étranger","Sexe - total","Âge - total",2353
"1987","Solothurn","Étranger","Sexe - total","Âge - total",1729
"1987","Basel-Stadt","Étranger","Sexe - total","Âge - total",3008
"1987","Basel-Landschaft","Étranger","Sexe - total","Âge - total",1858
"1987","Schaffhausen","Étranger","Sexe - total","Âge - total",533
"1987","Appenzell Ausserrhoden","Étranger","Sexe - total","Âge - total",466
"1987","Appenzell Innerrhoden","Étranger","Sexe - total","Âge - total",115
"1987","St. Gallen","Étranger","Sexe - total","Âge - total",4754
"1987","Graubünden / Grigioni / Grischun","Étranger","Sexe - total","Âge - total",2038
"1987","Aargau","Étranger","Sexe - total","Âge - total",5334
"1987","Thurgau","Étranger","Sexe - total","Âge - total",2448
"1987","Ticino","Étranger","Sexe - total","Âge - total",3175
"1987","Vaud","Étranger","Sexe - total","Âge - total",12293
"1987","Valais / Wallis","Étranger","Sexe - total","Âge - total",4031
"1987","Neuchâtel","Étranger","Sexe - total","Âge - total",2321
"1987","Genčve","Étranger","Sexe - total","Âge - total",9232
"1987","Jura","Étranger","Sexe - total","Âge - total",449
"1987","Sans indication","Étranger","Sexe - total","Âge - total",0
"1988","Suisse","Étranger","Sexe - total","Âge - total",95973
"1988","Zürich","Étranger","Sexe - total","Âge - total",16030
"1988","Bern / Berne","Étranger","Sexe - total","Âge - total",8081
"1988","Luzern","Étranger","Sexe - total","Âge - total",3224
"1988","Uri","Étranger","Sexe - total","Âge - total",227
"1988","Schwyz","Étranger","Sexe - total","Âge - total",1141
"1988","Obwalden","Étranger","Sexe - total","Âge - total",235
"1988","Nidwalden","Étranger","Sexe - total","Âge - total",212
"1988","Glarus","Étranger","Sexe - total","Âge - total",434
"1988","Zug","Étranger","Sexe - total","Âge - total",976
"1988","Fribourg / Freiburg","Étranger","Sexe - total","Âge - total",2743
"1988","Solothurn","Étranger","Sexe - total","Âge - total",1845
"1988","Basel-Stadt","Étranger","Sexe - total","Âge - total",3257
"1988","Basel-Landschaft","Étranger","Sexe - total","Âge - total",2125
"1988","Schaffhausen","Étranger","Sexe - total","Âge - total",554
"1988","Appenzell Ausserrhoden","Étranger","Sexe - total","Âge - total",549
"1988","Appenzell Innerrhoden","Étranger","Sexe - total","Âge - total",125
"1988","St. Gallen","Étranger","Sexe - total","Âge - total",5261
"1988","Graubünden / Grigioni / Grischun","Étranger","Sexe - total","Âge - total",2496
"1988","Aargau","Étranger","Sexe - total","Âge - total",5083
"1988","Thurgau","Étranger","Sexe - total","Âge - total",2497
"1988","Ticino","Étranger","Sexe - total","Âge - total",3481
"1988","Vaud","Étranger","Sexe - total","Âge - total",14305
"1988","Valais / Wallis","Étranger","Sexe - total","Âge - total",4170
"1988","Neuchâtel","Étranger","Sexe - total","Âge - total",2346
"1988","Genčve","Étranger","Sexe - total","Âge - total",14121
"1988","Jura","Étranger","Sexe - total","Âge - total",455
"1988","Sans indication","Étranger","Sexe - total","Âge - total",0
"1989","Suisse","Étranger","Sexe - total","Âge - total",99352
"1989","Zürich","Étranger","Sexe - total","Âge - total",16001
"1989","Bern / Berne","Étranger","Sexe - total","Âge - total",9273
"1989","Luzern","Étranger","Sexe - total","Âge - total",3061
"1989","Uri","Étranger","Sexe - total","Âge - total",200
"1989","Schwyz","Étranger","Sexe - total","Âge - total",1117
"1989","Obwalden","Étranger","Sexe - total","Âge - total",296
"1989","Nidwalden","Étranger","Sexe - total","Âge - total",202
"1989","Glarus","Étranger","Sexe - total","Âge - total",532
"1989","Zug","Étranger","Sexe - total","Âge - total",910
"1989","Fribourg / Freiburg","Étranger","Sexe - total","Âge - total",3351
"1989","Solothurn","Étranger","Sexe - total","Âge - total",1961
"1989","Basel-Stadt","Étranger","Sexe - total","Âge - total",3554
"1989","Basel-Landschaft","Étranger","Sexe - total","Âge - total",2198
"1989","Schaffhausen","Étranger","Sexe - total","Âge - total",731
"1989","Appenzell Ausserrhoden","Étranger","Sexe - total","Âge - total",537
"1989","Appenzell Innerrhoden","Étranger","Sexe - total","Âge - total",172
"1989","St. Gallen","Étranger","Sexe - total","Âge - total",5161
"1989","Graubünden / Grigioni / Grischun","Étranger","Sexe - total","Âge - total",2530
"1989","Aargau","Étranger","Sexe - total","Âge - total",6046
"1989","Thurgau","Étranger","Sexe - total","Âge - total",2759
"1989","Ticino","Étranger","Sexe - total","Âge - total",3776
"1989","Vaud","Étranger","Sexe - total","Âge - total",13764
"1989","Valais / Wallis","Étranger","Sexe - total","Âge - total",5347
"1989","Neuchâtel","Étranger","Sexe - total","Âge - total",2816
"1989","Genčve","Étranger","Sexe - total","Âge - total",12477
"1989","Jura","Étranger","Sexe - total","Âge - total",580
"1989","Sans indication","Étranger","Sexe - total","Âge - total",0
"1990","Suisse","Étranger","Sexe - total","Âge - total",122779
"1990","Zürich","Étranger","Sexe - total","Âge - total",18394
"1990","Bern / Berne","Étranger","Sexe - total","Âge - total",12220
"1990","Luzern","Étranger","Sexe - total","Âge - total",4569
"1990","Uri","Étranger","Sexe - total","Âge - total",253
"1990","Schwyz","Étranger","Sexe - total","Âge - total",1653
"1990","Obwalden","Étranger","Sexe - total","Âge - total",348
"1990","Nidwalden","Étranger","Sexe - total","Âge - total",347
"1990","Glarus","Étranger","Sexe - total","Âge - total",569
"1990","Zug","Étranger","Sexe - total","Âge - total",1179
"1990","Fribourg / Freiburg","Étranger","Sexe - total","Âge - total",3813
"1990","Solothurn","Étranger","Sexe - total","Âge - total",2906
"1990","Basel-Stadt","Étranger","Sexe - total","Âge - total",5600
"1990","Basel-Landschaft","Étranger","Sexe - total","Âge - total",2622
"1990","Schaffhausen","Étranger","Sexe - total","Âge - total",869
"1990","Appenzell Ausserrhoden","Étranger","Sexe - total","Âge - total",816
"1990","Appenzell Innerrhoden","Étranger","Sexe - total","Âge - total",158
"1990","St. Gallen","Étranger","Sexe - total","Âge - total",6278
"1990","Graubünden / Grigioni / Grischun","Étranger","Sexe - total","Âge - total",2837
"1990","Aargau","Étranger","Sexe - total","Âge - total",6897
"1990","Thurgau","Étranger","Sexe - total","Âge - total",3323
"1990","Ticino","Étranger","Sexe - total","Âge - total",4527
"1990","Vaud","Étranger","Sexe - total","Âge - total",18302
"1990","Valais / Wallis","Étranger","Sexe - total","Âge - total",5688
"1990","Neuchâtel","Étranger","Sexe - total","Âge - total",3635
"1990","Genčve","Étranger","Sexe - total","Âge - total",14180
"1990","Jura","Étranger","Sexe - total","Âge - total",796
"1990","Sans indication","Étranger","Sexe - total","Âge - total",0
"1991","Suisse","Étranger","Sexe - total","Âge - total",133100
"1991","Zürich","Étranger","Sexe - total","Âge - total",20875
"1991","Bern / Berne","Étranger","Sexe - total","Âge - total",12538
"1991","Luzern","Étranger","Sexe - total","Âge - total",4858
"1991","Uri","Étranger","Sexe - total","Âge - total",343
"1991","Schwyz","Étranger","Sexe - total","Âge - total",1869
"1991","Obwalden","Étranger","Sexe - total","Âge - total",505
"1991","Nidwalden","Étranger","Sexe - total","Âge - total",411
"1991","Glarus","Étranger","Sexe - total","Âge - total",732
"1991","Zug","Étranger","Sexe - total","Âge - total",1348
"1991","Fribourg / Freiburg","Étranger","Sexe - total","Âge - total",4301
"1991","Solothurn","Étranger","Sexe - total","Âge - total",3622
"1991","Basel-Stadt","Étranger","Sexe - total","Âge - total",5495
"1991","Basel-Landschaft","Étranger","Sexe - total","Âge - total",2646
"1991","Schaffhausen","Étranger","Sexe - total","Âge - total",1052
"1991","Appenzell Ausserrhoden","Étranger","Sexe - total","Âge - total",907
"1991","Appenzell Innerrhoden","Étranger","Sexe - total","Âge - total",195
"1991","St. Gallen","Étranger","Sexe - total","Âge - total",7407
"1991","Graubünden / Grigioni / Grischun","Étranger","Sexe - total","Âge - total",3462
"1991","Aargau","Étranger","Sexe - total","Âge - total",9110
"1991","Thurgau","Étranger","Sexe - total","Âge - total",3663
"1991","Ticino","Étranger","Sexe - total","Âge - total",4505
"1991","Vaud","Étranger","Sexe - total","Âge - total",17654
"1991","Valais / Wallis","Étranger","Sexe - total","Âge - total",6619
"1991","Neuchâtel","Étranger","Sexe - total","Âge - total",3619
"1991","Genčve","Étranger","Sexe - total","Âge - total",14357
"1991","Jura","Étranger","Sexe - total","Âge - total",1007
"1991","Sans indication","Étranger","Sexe - total","Âge - total",0
"1992","Suisse","Étranger","Sexe - total","Âge - total",131891
"1992","Zürich","Étranger","Sexe - total","Âge - total",21705
"1992","Bern / Berne","Étranger","Sexe - total","Âge - total",11416
"1992","Luzern","Étranger","Sexe - total","Âge - total",5662
"1992","Uri","Étranger","Sexe - total","Âge - total",330
"1992","Schwyz","Étranger","Sexe - total","Âge - total",2173
"1992","Obwalden","Étranger","Sexe - total","Âge - total",557
"1992","Nidwalden","Étranger","Sexe - total","Âge - total",520
"1992","Glarus","Étranger","Sexe - total","Âge - total",634
"1992","Zug","Étranger","Sexe - total","Âge - total",1388
"1992","Fribourg / Freiburg","Étranger","Sexe - total","Âge - total",4036
"1992","Solothurn","Étranger","Sexe - total","Âge - total",3053
"1992","Basel-Stadt","Étranger","Sexe - total","Âge - total",4930
"1992","Basel-Landschaft","Étranger","Sexe - total","Âge - total",2553
"1992","Schaffhausen","Étranger","Sexe - total","Âge - total",961
"1992","Appenzell Ausserrhoden","Étranger","Sexe - total","Âge - total",843
"1992","Appenzell Innerrhoden","Étranger","Sexe - total","Âge - total",213
"1992","St. Gallen","Étranger","Sexe - total","Âge - total",8120
"1992","Graubünden / Grigioni / Grischun","Étranger","Sexe - total","Âge - total",3935
"1992","Aargau","Étranger","Sexe - total","Âge - total",8026
"1992","Thurgau","Étranger","Sexe - total","Âge - total",3147
"1992","Ticino","Étranger","Sexe - total","Âge - total",6065
"1992","Vaud","Étranger","Sexe - total","Âge - total",16964
"1992","Valais / Wallis","Étranger","Sexe - total","Âge - total",6718
"1992","Neuchâtel","Étranger","Sexe - total","Âge - total",3082
"1992","Genčve","Étranger","Sexe - total","Âge - total",13863
"1992","Jura","Étranger","Sexe - total","Âge - total",997
"1992","Sans indication","Étranger","Sexe - total","Âge - total",0
"1993","Suisse","Étranger","Sexe - total","Âge - total",122454
"1993","Zürich","Étranger","Sexe - total","Âge - total",19912
"1993","Bern / Berne","Étranger","Sexe - total","Âge - total",10323
"1993","Luzern","Étranger","Sexe - total","Âge - total",5039
"1993","Uri","Étranger","Sexe - total","Âge - total",314
"1993","Schwyz","Étranger","Sexe - total","Âge - total",2135
"1993","Obwalden","Étranger","Sexe - total","Âge - total",556
"1993","Nidwalden","Étranger","Sexe - total","Âge - total",500
"1993","Glarus","Étranger","Sexe - total","Âge - total",606
"1993","Zug","Étranger","Sexe - total","Âge - total",1399
"1993","Fribourg / Freiburg","Étranger","Sexe - total","Âge - total",4013
"1993","Solothurn","Étranger","Sexe - total","Âge - total",3007
"1993","Basel-Stadt","Étranger","Sexe - total","Âge - total",4520
"1993","Basel-Landschaft","Étranger","Sexe - total","Âge - total",2762
"1993","Schaffhausen","Étranger","Sexe - total","Âge - total",994
"1993","Appenzell Ausserrhoden","Étranger","Sexe - total","Âge - total",700
"1993","Appenzell Innerrhoden","Étranger","Sexe - total","Âge - total",189
"1993","St. Gallen","Étranger","Sexe - total","Âge - total",6996
"1993","Graubünden / Grigioni / Grischun","Étranger","Sexe - total","Âge - total",3667
"1993","Aargau","Étranger","Sexe - total","Âge - total",7281
"1993","Thurgau","Étranger","Sexe - total","Âge - total",3939
"1993","Ticino","Étranger","Sexe - total","Âge - total",5483
"1993","Vaud","Étranger","Sexe - total","Âge - total",14187
"1993","Valais / Wallis","Étranger","Sexe - total","Âge - total",6420
"1993","Neuchâtel","Étranger","Sexe - total","Âge - total",2696
"1993","Genčve","Étranger","Sexe - total","Âge - total",14045
"1993","Jura","Étranger","Sexe - total","Âge - total",771
"1993","Sans indication","Étranger","Sexe - total","Âge - total",0
"1994","Suisse","Étranger","Sexe - total","Âge - total",107650
"1994","Zürich","Étranger","Sexe - total","Âge - total",17913
"1994","Bern / Berne","Étranger","Sexe - total","Âge - total",8586
"1994","Luzern","Étranger","Sexe - total","Âge - total",4173
"1994","Uri","Étranger","Sexe - total","Âge - total",307
"1994","Schwyz","Étranger","Sexe - total","Âge - total",1827
"1994","Obwalden","Étranger","Sexe - total","Âge - total",418
"1994","Nidwalden","Étranger","Sexe - total","Âge - total",500
"1994","Glarus","Étranger","Sexe - total","Âge - total",498
"1994","Zug","Étranger","Sexe - total","Âge - total",1385
"1994","Fribourg / Freiburg","Étranger","Sexe - total","Âge - total",3171
"1994","Solothurn","Étranger","Sexe - total","Âge - total",2418
"1994","Basel-Stadt","Étranger","Sexe - total","Âge - total",3895
"1994","Basel-Landschaft","Étranger","Sexe - total","Âge - total",2228
"1994","Schaffhausen","Étranger","Sexe - total","Âge - total",833
"1994","Appenzell Ausserrhoden","Étranger","Sexe - total","Âge - total",522
"1994","Appenzell Innerrhoden","Étranger","Sexe - total","Âge - total",141
"1994","St. Gallen","Étranger","Sexe - total","Âge - total",6433
"1994","Graubünden / Grigioni / Grischun","Étranger","Sexe - total","Âge - total",3516
"1994","Aargau","Étranger","Sexe - total","Âge - total",5461
"1994","Thurgau","Étranger","Sexe - total","Âge - total",2836
"1994","Ticino","Étranger","Sexe - total","Âge - total",5434
"1994","Vaud","Étranger","Sexe - total","Âge - total",14329
"1994","Valais / Wallis","Étranger","Sexe - total","Âge - total",4884
"1994","Neuchâtel","Étranger","Sexe - total","Âge - total",2184
"1994","Genčve","Étranger","Sexe - total","Âge - total",13044
"1994","Jura","Étranger","Sexe - total","Âge - total",714
"1994","Sans indication","Étranger","Sexe - total","Âge - total",0
"1995","Suisse","Étranger","Sexe - total","Âge - total",90957
"1995","Zürich","Étranger","Sexe - total","Âge - total",15767
"1995","Bern / Berne","Étranger","Sexe - total","Âge - total",6885
"1995","Luzern","Étranger","Sexe - total","Âge - total",3528
"1995","Uri","Étranger","Sexe - total","Âge - total",306
"1995","Schwyz","Étranger","Sexe - total","Âge - total",1261
"1995","Obwalden","Étranger","Sexe - total","Âge - total",345
"1995","Nidwalden","Étranger","Sexe - total","Âge - total",447
"1995","Glarus","Étranger","Sexe - total","Âge - total",319
"1995","Zug","Étranger","Sexe - total","Âge - total",1053
"1995","Fribourg / Freiburg","Étranger","Sexe - total","Âge - total",2868
"1995","Solothurn","Étranger","Sexe - total","Âge - total",2204
"1995","Basel-Stadt","Étranger","Sexe - total","Âge - total",3256
"1995","Basel-Landschaft","Étranger","Sexe - total","Âge - total",2092
"1995","Schaffhausen","Étranger","Sexe - total","Âge - total",727
"1995","Appenzell Ausserrhoden","Étranger","Sexe - total","Âge - total",424
"1995","Appenzell Innerrhoden","Étranger","Sexe - total","Âge - total",136
"1995","St. Gallen","Étranger","Sexe - total","Âge - total",4543
"1995","Graubünden / Grigioni / Grischun","Étranger","Sexe - total","Âge - total",2271
"1995","Aargau","Étranger","Sexe - total","Âge - total",5099
"1995","Thurgau","Étranger","Sexe - total","Âge - total",2394
"1995","Ticino","Étranger","Sexe - total","Âge - total",4731
"1995","Vaud","Étranger","Sexe - total","Âge - total",11451
"1995","Valais / Wallis","Étranger","Sexe - total","Âge - total",3937
"1995","Neuchâtel","Étranger","Sexe - total","Âge - total",1967
"1995","Genčve","Étranger","Sexe - total","Âge - total",12365
"1995","Jura","Étranger","Sexe - total","Âge - total",581
"1995","Sans indication","Étranger","Sexe - total","Âge - total",0
"1996","Suisse","Étranger","Sexe - total","Âge - total",74359
"1996","Zürich","Étranger","Sexe - total","Âge - total",13875
"1996","Bern / Berne","Étranger","Sexe - total","Âge - total",6426
"1996","Luzern","Étranger","Sexe - total","Âge - total",2795
"1996","Uri","Étranger","Sexe - total","Âge - total",246
"1996","Schwyz","Étranger","Sexe - total","Âge - total",821
"1996","Obwalden","Étranger","Sexe - total","Âge - total",269
"1996","Nidwalden","Étranger","Sexe - total","Âge - total",305
"1996","Glarus","Étranger","Sexe - total","Âge - total",276
"1996","Zug","Étranger","Sexe - total","Âge - total",969
"1996","Fribourg / Freiburg","Étranger","Sexe - total","Âge - total",2755
"1996","Solothurn","Étranger","Sexe - total","Âge - total",1523
"1996","Basel-Stadt","Étranger","Sexe - total","Âge - total",3587
"1996","Basel-Landschaft","Étranger","Sexe - total","Âge - total",1889
"1996","Schaffhausen","Étranger","Sexe - total","Âge - total",610
"1996","Appenzell Ausserrhoden","Étranger","Sexe - total","Âge - total",337
"1996","Appenzell Innerrhoden","Étranger","Sexe - total","Âge - total",105
"1996","St. Gallen","Étranger","Sexe - total","Âge - total",3378
"1996","Graubünden / Grigioni / Grischun","Étranger","Sexe - total","Âge - total",2045
"1996","Aargau","Étranger","Sexe - total","Âge - total",3847
"1996","Thurgau","Étranger","Sexe - total","Âge - total",1523
"1996","Ticino","Étranger","Sexe - total","Âge - total",2595
"1996","Vaud","Étranger","Sexe - total","Âge - total",9347
"1996","Valais / Wallis","Étranger","Sexe - total","Âge - total",3058
"1996","Neuchâtel","Étranger","Sexe - total","Âge - total",1806
"1996","Genčve","Étranger","Sexe - total","Âge - total",9599
"1996","Jura","Étranger","Sexe - total","Âge - total",373
"1996","Sans indication","Étranger","Sexe - total","Âge - total",0
"1997","Suisse","Étranger","Sexe - total","Âge - total",69604
"1997","Zürich","Étranger","Sexe - total","Âge - total",12616
"1997","Bern / Berne","Étranger","Sexe - total","Âge - total",6066
"1997","Luzern","Étranger","Sexe - total","Âge - total",2623
"1997","Uri","Étranger","Sexe - total","Âge - total",152
"1997","Schwyz","Étranger","Sexe - total","Âge - total",728
"1997","Obwalden","Étranger","Sexe - total","Âge - total",260
"1997","Nidwalden","Étranger","Sexe - total","Âge - total",330
"1997","Glarus","Étranger","Sexe - total","Âge - total",197
"1997","Zug","Étranger","Sexe - total","Âge - total",964
"1997","Fribourg / Freiburg","Étranger","Sexe - total","Âge - total",2254
"1997","Solothurn","Étranger","Sexe - total","Âge - total",1316
"1997","Basel-Stadt","Étranger","Sexe - total","Âge - total",2459
"1997","Basel-Landschaft","Étranger","Sexe - total","Âge - total",1700
"1997","Schaffhausen","Étranger","Sexe - total","Âge - total",530
"1997","Appenzell Ausserrhoden","Étranger","Sexe - total","Âge - total",321
"1997","Appenzell Innerrhoden","Étranger","Sexe - total","Âge - total",54
"1997","St. Gallen","Étranger","Sexe - total","Âge - total",3066
"1997","Graubünden / Grigioni / Grischun","Étranger","Sexe - total","Âge - total",1621
"1997","Aargau","Étranger","Sexe - total","Âge - total",3349
"1997","Thurgau","Étranger","Sexe - total","Âge - total",1280
"1997","Ticino","Étranger","Sexe - total","Âge - total",2489
"1997","Vaud","Étranger","Sexe - total","Âge - total",9456
"1997","Valais / Wallis","Étranger","Sexe - total","Âge - total",2771
"1997","Neuchâtel","Étranger","Sexe - total","Âge - total",1681
"1997","Genčve","Étranger","Sexe - total","Âge - total",10975
"1997","Jura","Étranger","Sexe - total","Âge - total",346
"1997","Sans indication","Étranger","Sexe - total","Âge - total",0
"1998","Suisse","Étranger","Sexe - total","Âge - total",72202
"1998","Zürich","Étranger","Sexe - total","Âge - total",13518
"1998","Bern / Berne","Étranger","Sexe - total","Âge - total",6240
"1998","Luzern","Étranger","Sexe - total","Âge - total",2427
"1998","Uri","Étranger","Sexe - total","Âge - total",135
"1998","Schwyz","Étranger","Sexe - total","Âge - total",730
"1998","Obwalden","Étranger","Sexe - total","Âge - total",231
"1998","Nidwalden","Étranger","Sexe - total","Âge - total",289
"1998","Glarus","Étranger","Sexe - total","Âge - total",240
"1998","Zug","Étranger","Sexe - total","Âge - total",1037
"1998","Fribourg / Freiburg","Étranger","Sexe - total","Âge - total",2218
"1998","Solothurn","Étranger","Sexe - total","Âge - total",1277
"1998","Basel-Stadt","Étranger","Sexe - total","Âge - total",2499
"1998","Basel-Landschaft","Étranger","Sexe - total","Âge - total",1692
"1998","Schaffhausen","Étranger","Sexe - total","Âge - total",534
"1998","Appenzell Ausserrhoden","Étranger","Sexe - total","Âge - total",307
"1998","Appenzell Innerrhoden","Étranger","Sexe - total","Âge - total",74
"1998","St. Gallen","Étranger","Sexe - total","Âge - total",3200
"1998","Graubünden / Grigioni / Grischun","Étranger","Sexe - total","Âge - total",1418
"1998","Aargau","Étranger","Sexe - total","Âge - total",3476
"1998","Thurgau","Étranger","Sexe - total","Âge - total",1238
"1998","Ticino","Étranger","Sexe - total","Âge - total",2401
"1998","Vaud","Étranger","Sexe - total","Âge - total",10910
"1998","Valais / Wallis","Étranger","Sexe - total","Âge - total",2652
"1998","Neuchâtel","Étranger","Sexe - total","Âge - total",1843
"1998","Genčve","Étranger","Sexe - total","Âge - total",11244
"1998","Jura","Étranger","Sexe - total","Âge - total",372
"1998","Sans indication","Étranger","Sexe - total","Âge - total",0
"1999","Suisse","Étranger","Sexe - total","Âge - total",83677
"1999","Zürich","Étranger","Sexe - total","Âge - total",17075
"1999","Bern / Berne","Étranger","Sexe - total","Âge - total",7164
"1999","Luzern","Étranger","Sexe - total","Âge - total",3175
"1999","Uri","Étranger","Sexe - total","Âge - total",158
"1999","Schwyz","Étranger","Sexe - total","Âge - total",947
"1999","Obwalden","Étranger","Sexe - total","Âge - total",275
"1999","Nidwalden","Étranger","Sexe - total","Âge - total",281
"1999","Glarus","Étranger","Sexe - total","Âge - total",278
"1999","Zug","Étranger","Sexe - total","Âge - total",1146
"1999","Fribourg / Freiburg","Étranger","Sexe - total","Âge - total",2301
"1999","Solothurn","Étranger","Sexe - total","Âge - total",1570
"1999","Basel-Stadt","Étranger","Sexe - total","Âge - total",2609
"1999","Basel-Landschaft","Étranger","Sexe - total","Âge - total",2160
"1999","Schaffhausen","Étranger","Sexe - total","Âge - total",647
"1999","Appenzell Ausserrhoden","Étranger","Sexe - total","Âge - total",380
"1999","Appenzell Innerrhoden","Étranger","Sexe - total","Âge - total",82
"1999","St. Gallen","Étranger","Sexe - total","Âge - total",3918
"1999","Graubünden / Grigioni / Grischun","Étranger","Sexe - total","Âge - total",1483
"1999","Aargau","Étranger","Sexe - total","Âge - total",4096
"1999","Thurgau","Étranger","Sexe - total","Âge - total",1438
"1999","Ticino","Étranger","Sexe - total","Âge - total",3361
"1999","Vaud","Étranger","Sexe - total","Âge - total",11544
"1999","Valais / Wallis","Étranger","Sexe - total","Âge - total",2864
"1999","Neuchâtel","Étranger","Sexe - total","Âge - total",1968
"1999","Genčve","Étranger","Sexe - total","Âge - total",12392
"1999","Jura","Étranger","Sexe - total","Âge - total",365
"1999","Sans indication","Étranger","Sexe - total","Âge - total",0
"2000","Suisse","Étranger","Sexe - total","Âge - total",84200
"2000","Zürich","Étranger","Sexe - total","Âge - total",17096
"2000","Bern / Berne","Étranger","Sexe - total","Âge - total",7281
"2000","Luzern","Étranger","Sexe - total","Âge - total",3337
"2000","Uri","Étranger","Sexe - total","Âge - total",184
"2000","Schwyz","Étranger","Sexe - total","Âge - total",880
"2000","Obwalden","Étranger","Sexe - total","Âge - total",284
"2000","Nidwalden","Étranger","Sexe - total","Âge - total",289
"2000","Glarus","Étranger","Sexe - total","Âge - total",246
"2000","Zug","Étranger","Sexe - total","Âge - total",1374
"2000","Fribourg / Freiburg","Étranger","Sexe - total","Âge - total",2331
"2000","Solothurn","Étranger","Sexe - total","Âge - total",1537
"2000","Basel-Stadt","Étranger","Sexe - total","Âge - total",2921
"2000","Basel-Landschaft","Étranger","Sexe - total","Âge - total",1989
"2000","Schaffhausen","Étranger","Sexe - total","Âge - total",672
"2000","Appenzell Ausserrhoden","Étranger","Sexe - total","Âge - total",350
"2000","Appenzell Innerrhoden","Étranger","Sexe - total","Âge - total",96
"2000","St. Gallen","Étranger","Sexe - total","Âge - total",3472
"2000","Graubünden / Grigioni / Grischun","Étranger","Sexe - total","Âge - total",1650
"2000","Aargau","Étranger","Sexe - total","Âge - total",3998
"2000","Thurgau","Étranger","Sexe - total","Âge - total",1392
"2000","Ticino","Étranger","Sexe - total","Âge - total",3064
"2000","Vaud","Étranger","Sexe - total","Âge - total",11259
"2000","Valais / Wallis","Étranger","Sexe - total","Âge - total",2903
"2000","Neuchâtel","Étranger","Sexe - total","Âge - total",2213
"2000","Genčve","Étranger","Sexe - total","Âge - total",13003
"2000","Jura","Étranger","Sexe - total","Âge - total",379
"2000","Sans indication","Étranger","Sexe - total","Âge - total",0
"2001","Suisse","Étranger","Sexe - total","Âge - total",99746
"2001","Zürich","Étranger","Sexe - total","Âge - total",20545
"2001","Bern / Berne","Étranger","Sexe - total","Âge - total",9185
"2001","Luzern","Étranger","Sexe - total","Âge - total",4352
"2001","Uri","Étranger","Sexe - total","Âge - total",155
"2001","Schwyz","Étranger","Sexe - total","Âge - total",1358
"2001","Obwalden","Étranger","Sexe - total","Âge - total",342
"2001","Nidwalden","Étranger","Sexe - total","Âge - total",345
"2001","Glarus","Étranger","Sexe - total","Âge - total",348
"2001","Zug","Étranger","Sexe - total","Âge - total",1559
"2001","Fribourg / Freiburg","Étranger","Sexe - total","Âge - total",2751
"2001","Solothurn","Étranger","Sexe - total","Âge - total",2142
"2001","Basel-Stadt","Étranger","Sexe - total","Âge - total",3647
"2001","Basel-Landschaft","Étranger","Sexe - total","Âge - total",2753
"2001","Schaffhausen","Étranger","Sexe - total","Âge - total",793
"2001","Appenzell Ausserrhoden","Étranger","Sexe - total","Âge - total",381
"2001","Appenzell Innerrhoden","Étranger","Sexe - total","Âge - total",112
"2001","St. Gallen","Étranger","Sexe - total","Âge - total",4443
"2001","Graubünden / Grigioni / Grischun","Étranger","Sexe - total","Âge - total",1867
"2001","Aargau","Étranger","Sexe - total","Âge - total",5319
"2001","Thurgau","Étranger","Sexe - total","Âge - total",1923
"2001","Ticino","Étranger","Sexe - total","Âge - total",3369
"2001","Vaud","Étranger","Sexe - total","Âge - total",12059
"2001","Valais / Wallis","Étranger","Sexe - total","Âge - total",3378
"2001","Neuchâtel","Étranger","Sexe - total","Âge - total",2425
"2001","Genčve","Étranger","Sexe - total","Âge - total",13683
"2001","Jura","Étranger","Sexe - total","Âge - total",512
"2001","Sans indication","Étranger","Sexe - total","Âge - total",0
"2002","Suisse","Étranger","Sexe - total","Âge - total",105014
"2002","Zürich","Étranger","Sexe - total","Âge - total",19884
"2002","Bern / Berne","Étranger","Sexe - total","Âge - total",9167
"2002","Luzern","Étranger","Sexe - total","Âge - total",4298
"2002","Uri","Étranger","Sexe - total","Âge - total",309
"2002","Schwyz","Étranger","Sexe - total","Âge - total",1198
"2002","Obwalden","Étranger","Sexe - total","Âge - total",376
"2002","Nidwalden","Étranger","Sexe - total","Âge - total",349
"2002","Glarus","Étranger","Sexe - total","Âge - total",385
"2002","Zug","Étranger","Sexe - total","Âge - total",1503
"2002","Fribourg / Freiburg","Étranger","Sexe - total","Âge - total",3256
"2002","Solothurn","Étranger","Sexe - total","Âge - total",1822
"2002","Basel-Stadt","Étranger","Sexe - total","Âge - total",4102
"2002","Basel-Landschaft","Étranger","Sexe - total","Âge - total",2553
"2002","Schaffhausen","Étranger","Sexe - total","Âge - total",919
"2002","Appenzell Ausserrhoden","Étranger","Sexe - total","Âge - total",451
"2002","Appenzell Innerrhoden","Étranger","Sexe - total","Âge - total",80
"2002","St. Gallen","Étranger","Sexe - total","Âge - total",4287
"2002","Graubünden / Grigioni / Grischun","Étranger","Sexe - total","Âge - total",2819
"2002","Aargau","Étranger","Sexe - total","Âge - total",5255
"2002","Thurgau","Étranger","Sexe - total","Âge - total",2365
"2002","Ticino","Étranger","Sexe - total","Âge - total",4141
"2002","Vaud","Étranger","Sexe - total","Âge - total",14730
"2002","Valais / Wallis","Étranger","Sexe - total","Âge - total",4107
"2002","Neuchâtel","Étranger","Sexe - total","Âge - total",2219
"2002","Genčve","Étranger","Sexe - total","Âge - total",14032
"2002","Jura","Étranger","Sexe - total","Âge - total",407
"2002","Sans indication","Étranger","Sexe - total","Âge - total",0
"2003","Suisse","Étranger","Sexe - total","Âge - total",98812
"2003","Zürich","Étranger","Sexe - total","Âge - total",16231
"2003","Bern / Berne","Étranger","Sexe - total","Âge - total",8028
"2003","Luzern","Étranger","Sexe - total","Âge - total",3159
"2003","Uri","Étranger","Sexe - total","Âge - total",199
"2003","Schwyz","Étranger","Sexe - total","Âge - total",1029
"2003","Obwalden","Étranger","Sexe - total","Âge - total",309
"2003","Nidwalden","Étranger","Sexe - total","Âge - total",326
"2003","Glarus","Étranger","Sexe - total","Âge - total",437
"2003","Zug","Étranger","Sexe - total","Âge - total",1383
"2003","Fribourg / Freiburg","Étranger","Sexe - total","Âge - total",3163
"2003","Solothurn","Étranger","Sexe - total","Âge - total",1412
"2003","Basel-Stadt","Étranger","Sexe - total","Âge - total",3856
"2003","Basel-Landschaft","Étranger","Sexe - total","Âge - total",2114
"2003","Schaffhausen","Étranger","Sexe - total","Âge - total",759
"2003","Appenzell Ausserrhoden","Étranger","Sexe - total","Âge - total",362
"2003","Appenzell Innerrhoden","Étranger","Sexe - total","Âge - total",86
"2003","St. Gallen","Étranger","Sexe - total","Âge - total",4228
"2003","Graubünden / Grigioni / Grischun","Étranger","Sexe - total","Âge - total",2991
"2003","Aargau","Étranger","Sexe - total","Âge - total",4499
"2003","Thurgau","Étranger","Sexe - total","Âge - total",2480
"2003","Ticino","Étranger","Sexe - total","Âge - total",4021
"2003","Vaud","Étranger","Sexe - total","Âge - total",15461
"2003","Valais / Wallis","Étranger","Sexe - total","Âge - total",4579
"2003","Neuchâtel","Étranger","Sexe - total","Âge - total",2068
"2003","Genčve","Étranger","Sexe - total","Âge - total",15212
"2003","Jura","Étranger","Sexe - total","Âge - total",420
"2003","Sans indication","Étranger","Sexe - total","Âge - total",0
"2004","Suisse","Étranger","Sexe - total","Âge - total",100834
"2004","Zürich","Étranger","Sexe - total","Âge - total",17602
"2004","Bern / Berne","Étranger","Sexe - total","Âge - total",8796
"2004","Luzern","Étranger","Sexe - total","Âge - total",3404
"2004","Uri","Étranger","Sexe - total","Âge - total",268
"2004","Schwyz","Étranger","Sexe - total","Âge - total",1099
"2004","Obwalden","Étranger","Sexe - total","Âge - total",307
"2004","Nidwalden","Étranger","Sexe - total","Âge - total",337
"2004","Glarus","Étranger","Sexe - total","Âge - total",306
"2004","Zug","Étranger","Sexe - total","Âge - total",1510
"2004","Fribourg / Freiburg","Étranger","Sexe - total","Âge - total",3067
"2004","Solothurn","Étranger","Sexe - total","Âge - total",1469
"2004","Basel-Stadt","Étranger","Sexe - total","Âge - total",4218
"2004","Basel-Landschaft","Étranger","Sexe - total","Âge - total",2168
"2004","Schaffhausen","Étranger","Sexe - total","Âge - total",764
"2004","Appenzell Ausserrhoden","Étranger","Sexe - total","Âge - total",306
"2004","Appenzell Innerrhoden","Étranger","Sexe - total","Âge - total",85
"2004","St. Gallen","Étranger","Sexe - total","Âge - total",4236
"2004","Graubünden / Grigioni / Grischun","Étranger","Sexe - total","Âge - total",2924
"2004","Aargau","Étranger","Sexe - total","Âge - total",4353
"2004","Thurgau","Étranger","Sexe - total","Âge - total",2140
"2004","Ticino","Étranger","Sexe - total","Âge - total",4111
"2004","Vaud","Étranger","Sexe - total","Âge - total",16046
"2004","Valais / Wallis","Étranger","Sexe - total","Âge - total",4684
"2004","Neuchâtel","Étranger","Sexe - total","Âge - total",2096
"2004","Genčve","Étranger","Sexe - total","Âge - total",14169
"2004","Jura","Étranger","Sexe - total","Âge - total",369
"2004","Sans indication","Étranger","Sexe - total","Âge - total",0
"2005","Suisse","Étranger","Sexe - total","Âge - total",99091
"2005","Zürich","Étranger","Sexe - total","Âge - total",17249
"2005","Bern / Berne","Étranger","Sexe - total","Âge - total",8010
"2005","Luzern","Étranger","Sexe - total","Âge - total",3261
"2005","Uri","Étranger","Sexe - total","Âge - total",270
"2005","Schwyz","Étranger","Sexe - total","Âge - total",1325
"2005","Obwalden","Étranger","Sexe - total","Âge - total",275
"2005","Nidwalden","Étranger","Sexe - total","Âge - total",287
"2005","Glarus","Étranger","Sexe - total","Âge - total",279
"2005","Zug","Étranger","Sexe - total","Âge - total",1643
"2005","Fribourg / Freiburg","Étranger","Sexe - total","Âge - total",2914
"2005","Solothurn","Étranger","Sexe - total","Âge - total",1649
"2005","Basel-Stadt","Étranger","Sexe - total","Âge - total",3968
"2005","Basel-Landschaft","Étranger","Sexe - total","Âge - total",2166
"2005","Schaffhausen","Étranger","Sexe - total","Âge - total",699
"2005","Appenzell Ausserrhoden","Étranger","Sexe - total","Âge - total",340
"2005","Appenzell Innerrhoden","Étranger","Sexe - total","Âge - total",93
"2005","St. Gallen","Étranger","Sexe - total","Âge - total",4313
"2005","Graubünden / Grigioni / Grischun","Étranger","Sexe - total","Âge - total",2790
"2005","Aargau","Étranger","Sexe - total","Âge - total",4304
"2005","Thurgau","Étranger","Sexe - total","Âge - total",2088
"2005","Ticino","Étranger","Sexe - total","Âge - total",4272
"2005","Vaud","Étranger","Sexe - total","Âge - total",14743
"2005","Valais / Wallis","Étranger","Sexe - total","Âge - total",4909
"2005","Neuchâtel","Étranger","Sexe - total","Âge - total",2639
"2005","Genčve","Étranger","Sexe - total","Âge - total",14192
"2005","Jura","Étranger","Sexe - total","Âge - total",413
"2005","Sans indication","Étranger","Sexe - total","Âge - total",0
"2006","Suisse","Étranger","Sexe - total","Âge - total",107177
"2006","Zürich","Étranger","Sexe - total","Âge - total",18217
"2006","Bern / Berne","Étranger","Sexe - total","Âge - total",8612
"2006","Luzern","Étranger","Sexe - total","Âge - total",3734
"2006","Uri","Étranger","Sexe - total","Âge - total",272
"2006","Schwyz","Étranger","Sexe - total","Âge - total",1287
"2006","Obwalden","Étranger","Sexe - total","Âge - total",401
"2006","Nidwalden","Étranger","Sexe - total","Âge - total",351
"2006","Glarus","Étranger","Sexe - total","Âge - total",315
"2006","Zug","Étranger","Sexe - total","Âge - total",1648
"2006","Fribourg / Freiburg","Étranger","Sexe - total","Âge - total",2989
"2006","Solothurn","Étranger","Sexe - total","Âge - total",1750
"2006","Basel-Stadt","Étranger","Sexe - total","Âge - total",4494
"2006","Basel-Landschaft","Étranger","Sexe - total","Âge - total",2225
"2006","Schaffhausen","Étranger","Sexe - total","Âge - total",805
"2006","Appenzell Ausserrhoden","Étranger","Sexe - total","Âge - total",350
"2006","Appenzell Innerrhoden","Étranger","Sexe - total","Âge - total",101
"2006","St. Gallen","Étranger","Sexe - total","Âge - total",4871
"2006","Graubünden / Grigioni / Grischun","Étranger","Sexe - total","Âge - total",2818
"2006","Aargau","Étranger","Sexe - total","Âge - total",5320
"2006","Thurgau","Étranger","Sexe - total","Âge - total",2310
"2006","Ticino","Étranger","Sexe - total","Âge - total",4624
"2006","Vaud","Étranger","Sexe - total","Âge - total",16509
"2006","Valais / Wallis","Étranger","Sexe - total","Âge - total",4965
"2006","Neuchâtel","Étranger","Sexe - total","Âge - total",2410
"2006","Genčve","Étranger","Sexe - total","Âge - total",15347
"2006","Jura","Étranger","Sexe - total","Âge - total",452
"2006","Sans indication","Étranger","Sexe - total","Âge - total",0
"2007","Suisse","Étranger","Sexe - total","Âge - total",143855
"2007","Zürich","Étranger","Sexe - total","Âge - total",29945
"2007","Bern / Berne","Étranger","Sexe - total","Âge - total",10948
"2007","Luzern","Étranger","Sexe - total","Âge - total",5108
"2007","Uri","Étranger","Sexe - total","Âge - total",295
"2007","Schwyz","Étranger","Sexe - total","Âge - total",2023
"2007","Obwalden","Étranger","Sexe - total","Âge - total",447
"2007","Nidwalden","Étranger","Sexe - total","Âge - total",475
"2007","Glarus","Étranger","Sexe - total","Âge - total",422
"2007","Zug","Étranger","Sexe - total","Âge - total",2854
"2007","Fribourg / Freiburg","Étranger","Sexe - total","Âge - total",4473
"2007","Solothurn","Étranger","Sexe - total","Âge - total",2537
"2007","Basel-Stadt","Étranger","Sexe - total","Âge - total",5761
"2007","Basel-Landschaft","Étranger","Sexe - total","Âge - total",2774
"2007","Schaffhausen","Étranger","Sexe - total","Âge - total",1423
"2007","Appenzell Ausserrhoden","Étranger","Sexe - total","Âge - total",697
"2007","Appenzell Innerrhoden","Étranger","Sexe - total","Âge - total",121
"2007","St. Gallen","Étranger","Sexe - total","Âge - total",7582
"2007","Graubünden / Grigioni / Grischun","Étranger","Sexe - total","Âge - total",3303
"2007","Aargau","Étranger","Sexe - total","Âge - total",6551
"2007","Thurgau","Étranger","Sexe - total","Âge - total",3359
"2007","Ticino","Étranger","Sexe - total","Âge - total",6020
"2007","Vaud","Étranger","Sexe - total","Âge - total",18759
"2007","Valais / Wallis","Étranger","Sexe - total","Âge - total",6063
"2007","Neuchâtel","Étranger","Sexe - total","Âge - total",2998
"2007","Genčve","Étranger","Sexe - total","Âge - total",18321
"2007","Jura","Étranger","Sexe - total","Âge - total",596
"2007","Sans indication","Étranger","Sexe - total","Âge - total",0
"2008","Suisse","Étranger","Sexe - total","Âge - total",161629
"2008","Zürich","Étranger","Sexe - total","Âge - total",32439
"2008","Bern / Berne","Étranger","Sexe - total","Âge - total",11923
"2008","Luzern","Étranger","Sexe - total","Âge - total",5738
"2008","Uri","Étranger","Sexe - total","Âge - total",385
"2008","Schwyz","Étranger","Sexe - total","Âge - total",2070
"2008","Obwalden","Étranger","Sexe - total","Âge - total",458
"2008","Nidwalden","Étranger","Sexe - total","Âge - total",485
"2008","Glarus","Étranger","Sexe - total","Âge - total",474
"2008","Zug","Étranger","Sexe - total","Âge - total",2871
"2008","Fribourg / Freiburg","Étranger","Sexe - total","Âge - total",4057
"2008","Solothurn","Étranger","Sexe - total","Âge - total",2451
"2008","Basel-Stadt","Étranger","Sexe - total","Âge - total",5772
"2008","Basel-Landschaft","Étranger","Sexe - total","Âge - total",3027
"2008","Schaffhausen","Étranger","Sexe - total","Âge - total",1399
"2008","Appenzell Ausserrhoden","Étranger","Sexe - total","Âge - total",702
"2008","Appenzell Innerrhoden","Étranger","Sexe - total","Âge - total",143
"2008","St. Gallen","Étranger","Sexe - total","Âge - total",8484
"2008","Graubünden / Grigioni / Grischun","Étranger","Sexe - total","Âge - total",3846
"2008","Aargau","Étranger","Sexe - total","Âge - total",8808
"2008","Thurgau","Étranger","Sexe - total","Âge - total",4163
"2008","Ticino","Étranger","Sexe - total","Âge - total",6403
"2008","Vaud","Étranger","Sexe - total","Âge - total",24395
"2008","Valais / Wallis","Étranger","Sexe - total","Âge - total",6475
"2008","Neuchâtel","Étranger","Sexe - total","Âge - total",3014
"2008","Genčve","Étranger","Sexe - total","Âge - total",20962
"2008","Jura","Étranger","Sexe - total","Âge - total",685
"2008","Sans indication","Étranger","Sexe - total","Âge - total",0
"2009","Suisse","Étranger","Sexe - total","Âge - total",138269
"2009","Zürich","Étranger","Sexe - total","Âge - total",27091
"2009","Bern / Berne","Étranger","Sexe - total","Âge - total",10039
"2009","Luzern","Étranger","Sexe - total","Âge - total",4629
"2009","Uri","Étranger","Sexe - total","Âge - total",362
"2009","Schwyz","Étranger","Sexe - total","Âge - total",1423
"2009","Obwalden","Étranger","Sexe - total","Âge - total",425
"2009","Nidwalden","Étranger","Sexe - total","Âge - total",344
"2009","Glarus","Étranger","Sexe - total","Âge - total",447
"2009","Zug","Étranger","Sexe - total","Âge - total",2294
"2009","Fribourg / Freiburg","Étranger","Sexe - total","Âge - total",3662
"2009","Solothurn","Étranger","Sexe - total","Âge - total",2166
"2009","Basel-Stadt","Étranger","Sexe - total","Âge - total",5687
"2009","Basel-Landschaft","Étranger","Sexe - total","Âge - total",2914
"2009","Schaffhausen","Étranger","Sexe - total","Âge - total",1116
"2009","Appenzell Ausserrhoden","Étranger","Sexe - total","Âge - total",528
"2009","Appenzell Innerrhoden","Étranger","Sexe - total","Âge - total",96
"2009","St. Gallen","Étranger","Sexe - total","Âge - total",6269
"2009","Graubünden / Grigioni / Grischun","Étranger","Sexe - total","Âge - total",3573
"2009","Aargau","Étranger","Sexe - total","Âge - total",7530
"2009","Thurgau","Étranger","Sexe - total","Âge - total",3256
"2009","Ticino","Étranger","Sexe - total","Âge - total",5633
"2009","Vaud","Étranger","Sexe - total","Âge - total",20365
"2009","Valais / Wallis","Étranger","Sexe - total","Âge - total",6036
"2009","Neuchâtel","Étranger","Sexe - total","Âge - total",2427
"2009","Genčve","Étranger","Sexe - total","Âge - total",19467
"2009","Jura","Étranger","Sexe - total","Âge - total",490
"2009","Sans indication","Étranger","Sexe - total","Âge - total",0
"2010","Suisse","Étranger","Sexe - total","Âge - total",139495
"2010","Zürich","Étranger","Sexe - total","Âge - total",27069
"2010","Bern / Berne","Étranger","Sexe - total","Âge - total",9196
"2010","Luzern","Étranger","Sexe - total","Âge - total",4743
"2010","Uri","Étranger","Sexe - total","Âge - total",250
"2010","Schwyz","Étranger","Sexe - total","Âge - total",1563
"2010","Obwalden","Étranger","Sexe - total","Âge - total",431
"2010","Nidwalden","Étranger","Sexe - total","Âge - total",417
"2010","Glarus","Étranger","Sexe - total","Âge - total",453
"2010","Zug","Étranger","Sexe - total","Âge - total",2465
"2010","Fribourg / Freiburg","Étranger","Sexe - total","Âge - total",3587
"2010","Solothurn","Étranger","Sexe - total","Âge - total",2190
"2010","Basel-Stadt","Étranger","Sexe - total","Âge - total",5634
"2010","Basel-Landschaft","Étranger","Sexe - total","Âge - total",2629
"2010","Schaffhausen","Étranger","Sexe - total","Âge - total",1165
"2010","Appenzell Ausserrhoden","Étranger","Sexe - total","Âge - total",481
"2010","Appenzell Innerrhoden","Étranger","Sexe - total","Âge - total",100
"2010","St. Gallen","Étranger","Sexe - total","Âge - total",5948
"2010","Graubünden / Grigioni / Grischun","Étranger","Sexe - total","Âge - total",3325
"2010","Aargau","Étranger","Sexe - total","Âge - total",6730
"2010","Thurgau","Étranger","Sexe - total","Âge - total",3319
"2010","Ticino","Étranger","Sexe - total","Âge - total",7238
"2010","Vaud","Étranger","Sexe - total","Âge - total",21458
"2010","Valais / Wallis","Étranger","Sexe - total","Âge - total",6050
"2010","Neuchâtel","Étranger","Sexe - total","Âge - total",2550
"2010","Genčve","Étranger","Sexe - total","Âge - total",20041
"2010","Jura","Étranger","Sexe - total","Âge - total",463
"2010","Sans indication","Étranger","Sexe - total","Âge - total",0
"2011","Suisse","Étranger","Sexe - total","Âge - total",140508
"2011","Zürich","Étranger","Sexe - total","Âge - total",29848
"2011","Bern / Berne","Étranger","Sexe - total","Âge - total",9167
"2011","Luzern","Étranger","Sexe - total","Âge - total",5098
"2011","Uri","Étranger","Sexe - total","Âge - total",210
"2011","Schwyz","Étranger","Sexe - total","Âge - total",1605
"2011","Obwalden","Étranger","Sexe - total","Âge - total",412
"2011","Nidwalden","Étranger","Sexe - total","Âge - total",374
"2011","Glarus","Étranger","Sexe - total","Âge - total",635
"2011","Zug","Étranger","Sexe - total","Âge - total",2988
"2011","Fribourg / Freiburg","Étranger","Sexe - total","Âge - total",4452
"2011","Solothurn","Étranger","Sexe - total","Âge - total",2288
"2011","Basel-Stadt","Étranger","Sexe - total","Âge - total",5737
"2011","Basel-Landschaft","Étranger","Sexe - total","Âge - total",2306
"2011","Schaffhausen","Étranger","Sexe - total","Âge - total",993
"2011","Appenzell Ausserrhoden","Étranger","Sexe - total","Âge - total",514
"2011","Appenzell Innerrhoden","Étranger","Sexe - total","Âge - total",115
"2011","St. Gallen","Étranger","Sexe - total","Âge - total",6733
"2011","Graubünden / Grigioni / Grischun","Étranger","Sexe - total","Âge - total",3754
"2011","Aargau","Étranger","Sexe - total","Âge - total",5000
"2011","Thurgau","Étranger","Sexe - total","Âge - total",3702
"2011","Ticino","Étranger","Sexe - total","Âge - total",6878
"2011","Vaud","Étranger","Sexe - total","Âge - total",21483
"2011","Valais / Wallis","Étranger","Sexe - total","Âge - total",5226
"2011","Neuchâtel","Étranger","Sexe - total","Âge - total",2910
"2011","Genčve","Étranger","Sexe - total","Âge - total",17159
"2011","Jura","Étranger","Sexe - total","Âge - total",541
"2011","Sans indication","Étranger","Sexe - total","Âge - total",380
"2012","Suisse","Étranger","Sexe - total","Âge - total",151002
"2012","Zürich","Étranger","Sexe - total","Âge - total",28589
"2012","Bern / Berne","Étranger","Sexe - total","Âge - total",9730
"2012","Luzern","Étranger","Sexe - total","Âge - total",4994
"2012","Uri","Étranger","Sexe - total","Âge - total",457
"2012","Schwyz","Étranger","Sexe - total","Âge - total",1889
"2012","Obwalden","Étranger","Sexe - total","Âge - total",400
"2012","Nidwalden","Étranger","Sexe - total","Âge - total",491
"2012","Glarus","Étranger","Sexe - total","Âge - total",476
"2012","Zug","Étranger","Sexe - total","Âge - total",2611
"2012","Fribourg / Freiburg","Étranger","Sexe - total","Âge - total",5207
"2012","Solothurn","Étranger","Sexe - total","Âge - total",2648
"2012","Basel-Stadt","Étranger","Sexe - total","Âge - total",5976
"2012","Basel-Landschaft","Étranger","Sexe - total","Âge - total",3009
"2012","Schaffhausen","Étranger","Sexe - total","Âge - total",1319
"2012","Appenzell Ausserrhoden","Étranger","Sexe - total","Âge - total",473
"2012","Appenzell Innerrhoden","Étranger","Sexe - total","Âge - total",123
"2012","St. Gallen","Étranger","Sexe - total","Âge - total",7040
"2012","Graubünden / Grigioni / Grischun","Étranger","Sexe - total","Âge - total",3958
"2012","Aargau","Étranger","Sexe - total","Âge - total",8398
"2012","Thurgau","Étranger","Sexe - total","Âge - total",4153
"2012","Ticino","Étranger","Sexe - total","Âge - total",8335
"2012","Vaud","Étranger","Sexe - total","Âge - total",21634
"2012","Valais / Wallis","Étranger","Sexe - total","Âge - total",7046
"2012","Neuchâtel","Étranger","Sexe - total","Âge - total",3428
"2012","Genčve","Étranger","Sexe - total","Âge - total",17140
"2012","Jura","Étranger","Sexe - total","Âge - total",678
"2012","Sans indication","Étranger","Sexe - total","Âge - total",800
"2013","Suisse","Étranger","Sexe - total","Âge - total",167248
"2013","Zürich","Étranger","Sexe - total","Âge - total",28006
"2013","Bern / Berne","Étranger","Sexe - total","Âge - total",13217
"2013","Luzern","Étranger","Sexe - total","Âge - total",5786
"2013","Uri","Étranger","Sexe - total","Âge - total",466
"2013","Schwyz","Étranger","Sexe - total","Âge - total",1951
"2013","Obwalden","Étranger","Sexe - total","Âge - total",437
"2013","Nidwalden","Étranger","Sexe - total","Âge - total",498
"2013","Glarus","Étranger","Sexe - total","Âge - total",587
"2013","Zug","Étranger","Sexe - total","Âge - total",2874
"2013","Fribourg / Freiburg","Étranger","Sexe - total","Âge - total",5568
"2013","Solothurn","Étranger","Sexe - total","Âge - total",2897
"2013","Basel-Stadt","Étranger","Sexe - total","Âge - total",6824
"2013","Basel-Landschaft","Étranger","Sexe - total","Âge - total",3394
"2013","Schaffhausen","Étranger","Sexe - total","Âge - total",1385
"2013","Appenzell Ausserrhoden","Étranger","Sexe - total","Âge - total",529
"2013","Appenzell Innerrhoden","Étranger","Sexe - total","Âge - total",131
"2013","St. Gallen","Étranger","Sexe - total","Âge - total",7483
"2013","Graubünden / Grigioni / Grischun","Étranger","Sexe - total","Âge - total",4069
"2013","Aargau","Étranger","Sexe - total","Âge - total",8509
"2013","Thurgau","Étranger","Sexe - total","Âge - total",4183
"2013","Ticino","Étranger","Sexe - total","Âge - total",8853
"2013","Vaud","Étranger","Sexe - total","Âge - total",25221
"2013","Valais / Wallis","Étranger","Sexe - total","Âge - total",7540
"2013","Neuchâtel","Étranger","Sexe - total","Âge - total",3878
"2013","Genčve","Étranger","Sexe - total","Âge - total",20920
"2013","Jura","Étranger","Sexe - total","Âge - total",867
"2013","Sans indication","Étranger","Sexe - total","Âge - total",1175
"2014","Suisse","Étranger","Sexe - total","Âge - total",161149
"2014","Zürich","Étranger","Sexe - total","Âge - total",30750
"2014","Bern / Berne","Étranger","Sexe - total","Âge - total",12452
"2014","Luzern","Étranger","Sexe - total","Âge - total",5919
"2014","Uri","Étranger","Sexe - total","Âge - total",468
"2014","Schwyz","Étranger","Sexe - total","Âge - total",1815
"2014","Obwalden","Étranger","Sexe - total","Âge - total",418
"2014","Nidwalden","Étranger","Sexe - total","Âge - total",539
"2014","Glarus","Étranger","Sexe - total","Âge - total",553
"2014","Zug","Étranger","Sexe - total","Âge - total",2812
"2014","Fribourg / Freiburg","Étranger","Sexe - total","Âge - total",5120
"2014","Solothurn","Étranger","Sexe - total","Âge - total",3171
"2014","Basel-Stadt","Étranger","Sexe - total","Âge - total",6479
"2014","Basel-Landschaft","Étranger","Sexe - total","Âge - total",3476
"2014","Schaffhausen","Étranger","Sexe - total","Âge - total",1338
"2014","Appenzell Ausserrhoden","Étranger","Sexe - total","Âge - total",510
"2014","Appenzell Innerrhoden","Étranger","Sexe - total","Âge - total",110
"2014","St. Gallen","Étranger","Sexe - total","Âge - total",7822
"2014","Graubünden / Grigioni / Grischun","Étranger","Sexe - total","Âge - total",3763
"2014","Aargau","Étranger","Sexe - total","Âge - total",8606
"2014","Thurgau","Étranger","Sexe - total","Âge - total",4155
"2014","Ticino","Étranger","Sexe - total","Âge - total",8470
"2014","Vaud","Étranger","Sexe - total","Âge - total",22308
"2014","Valais / Wallis","Étranger","Sexe - total","Âge - total",6937
"2014","Neuchâtel","Étranger","Sexe - total","Âge - total",3278
"2014","Genčve","Étranger","Sexe - total","Âge - total",19116
"2014","Jura","Étranger","Sexe - total","Âge - total",761
"2014","Sans indication","Étranger","Sexe - total","Âge - total",3
"2015","Suisse","Étranger","Sexe - total","Âge - total",162563
"2015","Zürich","Étranger","Sexe - total","Âge - total",31220
"2015","Bern / Berne","Étranger","Sexe - total","Âge - total",12850
"2015","Luzern","Étranger","Sexe - total","Âge - total",5947
"2015","Uri","Étranger","Sexe - total","Âge - total",449
"2015","Schwyz","Étranger","Sexe - total","Âge - total",1790
"2015","Obwalden","Étranger","Sexe - total","Âge - total",424
"2015","Nidwalden","Étranger","Sexe - total","Âge - total",463
"2015","Glarus","Étranger","Sexe - total","Âge - total",648
"2015","Zug","Étranger","Sexe - total","Âge - total",2834
"2015","Fribourg / Freiburg","Étranger","Sexe - total","Âge - total",4497
"2015","Solothurn","Étranger","Sexe - total","Âge - total",3490
"2015","Basel-Stadt","Étranger","Sexe - total","Âge - total",6194
"2015","Basel-Landschaft","Étranger","Sexe - total","Âge - total",3420
"2015","Schaffhausen","Étranger","Sexe - total","Âge - total",1267
"2015","Appenzell Ausserrhoden","Étranger","Sexe - total","Âge - total",557
"2015","Appenzell Innerrhoden","Étranger","Sexe - total","Âge - total",121
"2015","St. Gallen","Étranger","Sexe - total","Âge - total",7449
"2015","Graubünden / Grigioni / Grischun","Étranger","Sexe - total","Âge - total",3689
"2015","Aargau","Étranger","Sexe - total","Âge - total",9209
"2015","Thurgau","Étranger","Sexe - total","Âge - total",3917
"2015","Ticino","Étranger","Sexe - total","Âge - total",7289
"2015","Vaud","Étranger","Sexe - total","Âge - total",23969
"2015","Valais / Wallis","Étranger","Sexe - total","Âge - total",6656
"2015","Neuchâtel","Étranger","Sexe - total","Âge - total",3010
"2015","Genčve","Étranger","Sexe - total","Âge - total",20421
"2015","Jura","Étranger","Sexe - total","Âge - total",774
"2015","Sans indication","Étranger","Sexe - total","Âge - total",9
"2016","Suisse","Étranger","Sexe - total","Âge - total",167407
"2016","Zürich","Étranger","Sexe - total","Âge - total",32544
"2016","Bern / Berne","Étranger","Sexe - total","Âge - total",14069
"2016","Luzern","Étranger","Sexe - total","Âge - total",6656
"2016","Uri","Étranger","Sexe - total","Âge - total",446
"2016","Schwyz","Étranger","Sexe - total","Âge - total",2054
"2016","Obwalden","Étranger","Sexe - total","Âge - total",503
"2016","Nidwalden","Étranger","Sexe - total","Âge - total",495
"2016","Glarus","Étranger","Sexe - total","Âge - total",573
"2016","Zug","Étranger","Sexe - total","Âge - total",2841
"2016","Fribourg / Freiburg","Étranger","Sexe - total","Âge - total",4653
"2016","Solothurn","Étranger","Sexe - total","Âge - total",3798
"2016","Basel-Stadt","Étranger","Sexe - total","Âge - total",6708
"2016","Basel-Landschaft","Étranger","Sexe - total","Âge - total",3434
"2016","Schaffhausen","Étranger","Sexe - total","Âge - total",1410
"2016","Appenzell Ausserrhoden","Étranger","Sexe - total","Âge - total",576
"2016","Appenzell Innerrhoden","Étranger","Sexe - total","Âge - total",136
"2016","St. Gallen","Étranger","Sexe - total","Âge - total",8131
"2016","Graubünden / Grigioni / Grischun","Étranger","Sexe - total","Âge - total",3654
"2016","Aargau","Étranger","Sexe - total","Âge - total",9879
"2016","Thurgau","Étranger","Sexe - total","Âge - total",3925
"2016","Ticino","Étranger","Sexe - total","Âge - total",8236
"2016","Vaud","Étranger","Sexe - total","Âge - total",24132
"2016","Valais / Wallis","Étranger","Sexe - total","Âge - total",6721
"2016","Neuchâtel","Étranger","Sexe - total","Âge - total",2859
"2016","Genčve","Étranger","Sexe - total","Âge - total",18243
"2016","Jura","Étranger","Sexe - total","Âge - total",724
"2016","Sans indication","Étranger","Sexe - total","Âge - total",7
"2017","Suisse","Étranger","Sexe - total","Âge - total",147142
"2017","Zürich","Étranger","Sexe - total","Âge - total",28936
"2017","Bern / Berne","Étranger","Sexe - total","Âge - total",11056
"2017","Luzern","Étranger","Sexe - total","Âge - total",5426
"2017","Uri","Étranger","Sexe - total","Âge - total",398
"2017","Schwyz","Étranger","Sexe - total","Âge - total",1945
"2017","Obwalden","Étranger","Sexe - total","Âge - total",387
"2017","Nidwalden","Étranger","Sexe - total","Âge - total",499
"2017","Glarus","Étranger","Sexe - total","Âge - total",564
"2017","Zug","Étranger","Sexe - total","Âge - total",2641
"2017","Fribourg / Freiburg","Étranger","Sexe - total","Âge - total",3932
"2017","Solothurn","Étranger","Sexe - total","Âge - total",3351
"2017","Basel-Stadt","Étranger","Sexe - total","Âge - total",5831
"2017","Basel-Landschaft","Étranger","Sexe - total","Âge - total",2744
"2017","Schaffhausen","Étranger","Sexe - total","Âge - total",1157
"2017","Appenzell Ausserrhoden","Étranger","Sexe - total","Âge - total",423
"2017","Appenzell Innerrhoden","Étranger","Sexe - total","Âge - total",115
"2017","St. Gallen","Étranger","Sexe - total","Âge - total",7053
"2017","Graubünden / Grigioni / Grischun","Étranger","Sexe - total","Âge - total",3270
"2017","Aargau","Étranger","Sexe - total","Âge - total",8318
"2017","Thurgau","Étranger","Sexe - total","Âge - total",3587
"2017","Ticino","Étranger","Sexe - total","Âge - total",5557
"2017","Vaud","Étranger","Sexe - total","Âge - total",22841
"2017","Valais / Wallis","Étranger","Sexe - total","Âge - total",5699
"2017","Neuchâtel","Étranger","Sexe - total","Âge - total",2559
"2017","Genčve","Étranger","Sexe - total","Âge - total",18295
"2017","Jura","Étranger","Sexe - total","Âge - total",548
"2017","Sans indication","Étranger","Sexe - total","Âge - total",10
"2018","Suisse","Étranger","Sexe - total","Âge - total",146183
"2018","Zürich","Étranger","Sexe - total","Âge - total",30251
"2018","Bern / Berne","Étranger","Sexe - total","Âge - total",10957
"2018","Luzern","Étranger","Sexe - total","Âge - total",5577
"2018","Uri","Étranger","Sexe - total","Âge - total",425
"2018","Schwyz","Étranger","Sexe - total","Âge - total",2079
"2018","Obwalden","Étranger","Sexe - total","Âge - total",377
"2018","Nidwalden","Étranger","Sexe - total","Âge - total",480
"2018","Glarus","Étranger","Sexe - total","Âge - total",498
"2018","Zug","Étranger","Sexe - total","Âge - total",2596
"2018","Fribourg / Freiburg","Étranger","Sexe - total","Âge - total",3863
"2018","Solothurn","Étranger","Sexe - total","Âge - total",3126
"2018","Basel-Stadt","Étranger","Sexe - total","Âge - total",5924
"2018","Basel-Landschaft","Étranger","Sexe - total","Âge - total",2674
"2018","Schaffhausen","Étranger","Sexe - total","Âge - total",1130
"2018","Appenzell Ausserrhoden","Étranger","Sexe - total","Âge - total",458
"2018","Appenzell Innerrhoden","Étranger","Sexe - total","Âge - total",105
"2018","St. Gallen","Étranger","Sexe - total","Âge - total",7091
"2018","Graubünden / Grigioni / Grischun","Étranger","Sexe - total","Âge - total",2982
"2018","Aargau","Étranger","Sexe - total","Âge - total",8254
"2018","Thurgau","Étranger","Sexe - total","Âge - total",3738
"2018","Ticino","Étranger","Sexe - total","Âge - total",5827
"2018","Vaud","Étranger","Sexe - total","Âge - total",21441
"2018","Valais / Wallis","Étranger","Sexe - total","Âge - total",5421
"2018","Neuchâtel","Étranger","Sexe - total","Âge - total",2417
"2018","Genčve","Étranger","Sexe - total","Âge - total",17940
"2018","Jura","Étranger","Sexe - total","Âge - total",514
"2018","Sans indication","Étranger","Sexe - total","Âge - total",38
"2019","Suisse","Étranger","Sexe - total","Âge - total",145608
"2019","Zürich","Étranger","Sexe - total","Âge - total",31155
"2019","Bern / Berne","Étranger","Sexe - total","Âge - total",11143
"2019","Luzern","Étranger","Sexe - total","Âge - total",5555
"2019","Uri","Étranger","Sexe - total","Âge - total",467
"2019","Schwyz","Étranger","Sexe - total","Âge - total",1871
"2019","Obwalden","Étranger","Sexe - total","Âge - total",327
"2019","Nidwalden","Étranger","Sexe - total","Âge - total",455
"2019","Glarus","Étranger","Sexe - total","Âge - total",459
"2019","Zug","Étranger","Sexe - total","Âge - total",2610
"2019","Fribourg / Freiburg","Étranger","Sexe - total","Âge - total",3906
"2019","Solothurn","Étranger","Sexe - total","Âge - total",3136
"2019","Basel-Stadt","Étranger","Sexe - total","Âge - total",6360
"2019","Basel-Landschaft","Étranger","Sexe - total","Âge - total",2741
"2019","Schaffhausen","Étranger","Sexe - total","Âge - total",1030
"2019","Appenzell Ausserrhoden","Étranger","Sexe - total","Âge - total",431
"2019","Appenzell Innerrhoden","Étranger","Sexe - total","Âge - total",105
"2019","St. Gallen","Étranger","Sexe - total","Âge - total",7348
"2019","Graubünden / Grigioni / Grischun","Étranger","Sexe - total","Âge - total",3142
"2019","Aargau","Étranger","Sexe - total","Âge - total",8300
"2019","Thurgau","Étranger","Sexe - total","Âge - total",3948
"2019","Ticino","Étranger","Sexe - total","Âge - total",4589
"2019","Vaud","Étranger","Sexe - total","Âge - total",19990
"2019","Valais / Wallis","Étranger","Sexe - total","Âge - total",5421
"2019","Neuchâtel","Étranger","Sexe - total","Âge - total",2732
"2019","Genčve","Étranger","Sexe - total","Âge - total",17863
"2019","Jura","Étranger","Sexe - total","Âge - total",496
"2019","Sans indication","Étranger","Sexe - total","Âge - total",28
"2020","Suisse","Étranger","Sexe - total","Âge - total",137685
"2020","Zürich","Étranger","Sexe - total","Âge - total",28062
"2020","Bern / Berne","Étranger","Sexe - total","Âge - total",9305
"2020","Luzern","Étranger","Sexe - total","Âge - total",5171
"2020","Uri","Étranger","Sexe - total","Âge - total",491
"2020","Schwyz","Étranger","Sexe - total","Âge - total",1625
"2020","Obwalden","Étranger","Sexe - total","Âge - total",327
"2020","Nidwalden","Étranger","Sexe - total","Âge - total",385
"2020","Glarus","Étranger","Sexe - total","Âge - total",499
"2020","Zug","Étranger","Sexe - total","Âge - total",2402
"2020","Fribourg / Freiburg","Étranger","Sexe - total","Âge - total",3933
"2020","Solothurn","Étranger","Sexe - total","Âge - total",3087
"2020","Basel-Stadt","Étranger","Sexe - total","Âge - total",5610
"2020","Basel-Landschaft","Étranger","Sexe - total","Âge - total",2737
"2020","Schaffhausen","Étranger","Sexe - total","Âge - total",1029
"2020","Appenzell Ausserrhoden","Étranger","Sexe - total","Âge - total",445
"2020","Appenzell Innerrhoden","Étranger","Sexe - total","Âge - total",105
"2020","St. Gallen","Étranger","Sexe - total","Âge - total",7128
"2020","Graubünden / Grigioni / Grischun","Étranger","Sexe - total","Âge - total",3207
"2020","Aargau","Étranger","Sexe - total","Âge - total",7886
"2020","Thurgau","Étranger","Sexe - total","Âge - total",3887
"2020","Ticino","Étranger","Sexe - total","Âge - total",5609
"2020","Vaud","Étranger","Sexe - total","Âge - total",21200
"2020","Valais / Wallis","Étranger","Sexe - total","Âge - total",5897
"2020","Neuchâtel","Étranger","Sexe - total","Âge - total",2049
"2020","Genčve","Étranger","Sexe - total","Âge - total",15132
"2020","Jura","Étranger","Sexe - total","Âge - total",462
"2020","Sans indication","Étranger","Sexe - total","Âge - total",15
"2021","Suisse","Étranger","Sexe - total","Âge - total",143506
"2021","Zürich","Étranger","Sexe - total","Âge - total",30029
"2021","Bern / Berne","Étranger","Sexe - total","Âge - total",10042
"2021","Luzern","Étranger","Sexe - total","Âge - total",5196
"2021","Uri","Étranger","Sexe - total","Âge - total",509
"2021","Schwyz","Étranger","Sexe - total","Âge - total",1860
"2021","Obwalden","Étranger","Sexe - total","Âge - total",464
"2021","Nidwalden","Étranger","Sexe - total","Âge - total",481
"2021","Glarus","Étranger","Sexe - total","Âge - total",518
"2021","Zug","Étranger","Sexe - total","Âge - total",2715
"2021","Fribourg / Freiburg","Étranger","Sexe - total","Âge - total",4230
"2021","Solothurn","Étranger","Sexe - total","Âge - total",3276
"2021","Basel-Stadt","Étranger","Sexe - total","Âge - total",5385
"2021","Basel-Landschaft","Étranger","Sexe - total","Âge - total",2379
"2021","Schaffhausen","Étranger","Sexe - total","Âge - total",1102
"2021","Appenzell Ausserrhoden","Étranger","Sexe - total","Âge - total",403
"2021","Appenzell Innerrhoden","Étranger","Sexe - total","Âge - total",112
"2021","St. Gallen","Étranger","Sexe - total","Âge - total",7688
"2021","Graubünden / Grigioni / Grischun","Étranger","Sexe - total","Âge - total",3349
"2021","Aargau","Étranger","Sexe - total","Âge - total",8338
"2021","Thurgau","Étranger","Sexe - total","Âge - total",3868
"2021","Ticino","Étranger","Sexe - total","Âge - total",5561
"2021","Vaud","Étranger","Sexe - total","Âge - total",20306
"2021","Valais / Wallis","Étranger","Sexe - total","Âge - total",6881
"2021","Neuchâtel","Étranger","Sexe - total","Âge - total",2544
"2021","Genčve","Étranger","Sexe - total","Âge - total",15794
"2021","Jura","Étranger","Sexe - total","Âge - total",460
"2021","Sans indication","Étranger","Sexe - total","Âge - total",16
"2022","Suisse","Étranger","Sexe - total","Âge - total",169055
"2022","Zürich","Étranger","Sexe - total","Âge - total",34984
"2022","Bern / Berne","Étranger","Sexe - total","Âge - total",12181
"2022","Luzern","Étranger","Sexe - total","Âge - total",6455
"2022","Uri","Étranger","Sexe - total","Âge - total",566
"2022","Schwyz","Étranger","Sexe - total","Âge - total",2232
"2022","Obwalden","Étranger","Sexe - total","Âge - total",613
"2022","Nidwalden","Étranger","Sexe - total","Âge - total",679
"2022","Glarus","Étranger","Sexe - total","Âge - total",595
"2022","Zug","Étranger","Sexe - total","Âge - total",2851
"2022","Fribourg / Freiburg","Étranger","Sexe - total","Âge - total",4885
"2022","Solothurn","Étranger","Sexe - total","Âge - total",3525
"2022","Basel-Stadt","Étranger","Sexe - total","Âge - total",6414
"2022","Basel-Landschaft","Étranger","Sexe - total","Âge - total",3017
"2022","Schaffhausen","Étranger","Sexe - total","Âge - total",1474
"2022","Appenzell Ausserrhoden","Étranger","Sexe - total","Âge - total",578
"2022","Appenzell Innerrhoden","Étranger","Sexe - total","Âge - total",129
"2022","St. Gallen","Étranger","Sexe - total","Âge - total",10373
"2022","Graubünden / Grigioni / Grischun","Étranger","Sexe - total","Âge - total",3940
"2022","Aargau","Étranger","Sexe - total","Âge - total",9043
"2022","Thurgau","Étranger","Sexe - total","Âge - total",4866
"2022","Ticino","Étranger","Sexe - total","Âge - total",6785
"2022","Vaud","Étranger","Sexe - total","Âge - total",22732
"2022","Valais / Wallis","Étranger","Sexe - total","Âge - total",7657
"2022","Neuchâtel","Étranger","Sexe - total","Âge - total",3068
"2022","Genčve","Étranger","Sexe - total","Âge - total",18823
"2022","Jura","Étranger","Sexe - total","Âge - total",581
"2022","Sans indication","Étranger","Sexe - total","Âge - total",9
"2023","Suisse","Étranger","Sexe - total","Âge - total",241040
"2023","Zürich","Étranger","Sexe - total","Âge - total",45063
"2023","Bern / Berne","Étranger","Sexe - total","Âge - total",20558
"2023","Luzern","Étranger","Sexe - total","Âge - total",9827
"2023","Uri","Étranger","Sexe - total","Âge - total",898
"2023","Schwyz","Étranger","Sexe - total","Âge - total",3231
"2023","Obwalden","Étranger","Sexe - total","Âge - total",857
"2023","Nidwalden","Étranger","Sexe - total","Âge - total",949
"2023","Glarus","Étranger","Sexe - total","Âge - total",962
"2023","Zug","Étranger","Sexe - total","Âge - total",3321
"2023","Fribourg / Freiburg","Étranger","Sexe - total","Âge - total",7579
"2023","Solothurn","Étranger","Sexe - total","Âge - total",5818
"2023","Basel-Stadt","Étranger","Sexe - total","Âge - total",8337
"2023","Basel-Landschaft","Étranger","Sexe - total","Âge - total",5724
"2023","Schaffhausen","Étranger","Sexe - total","Âge - total",2254
"2023","Appenzell Ausserrhoden","Étranger","Sexe - total","Âge - total",1021
"2023","Appenzell Innerrhoden","Étranger","Sexe - total","Âge - total",261
"2023","St. Gallen","Étranger","Sexe - total","Âge - total",13577
"2023","Graubünden / Grigioni / Grischun","Étranger","Sexe - total","Âge - total",5340
"2023","Aargau","Étranger","Sexe - total","Âge - total",16323
"2023","Thurgau","Étranger","Sexe - total","Âge - total",6780
"2023","Ticino","Étranger","Sexe - total","Âge - total",9190
"2023","Vaud","Étranger","Sexe - total","Âge - total",30778
"2023","Valais / Wallis","Étranger","Sexe - total","Âge - total",12364
"2023","Neuchâtel","Étranger","Sexe - total","Âge - total",4595
"2023","Genčve","Étranger","Sexe - total","Âge - total",24284
"2023","Jura","Étranger","Sexe - total","Âge - total",1126
"2023","Sans indication","Étranger","Sexe - total","Âge - total",23
"2024","Suisse","Étranger","Sexe - total","Âge - total",190043
"2024","Zürich","Étranger","Sexe - total","Âge - total",35891
"2024","Bern / Berne","Étranger","Sexe - total","Âge - total",15434
"2024","Luzern","Étranger","Sexe - total","Âge - total",7294
"2024","Uri","Étranger","Sexe - total","Âge - total",591
"2024","Schwyz","Étranger","Sexe - total","Âge - total",2252
"2024","Obwalden","Étranger","Sexe - total","Âge - total",765
"2024","Nidwalden","Étranger","Sexe - total","Âge - total",687
"2024","Glarus","Étranger","Sexe - total","Âge - total",629
"2024","Zug","Étranger","Sexe - total","Âge - total",2649
"2024","Fribourg / Freiburg","Étranger","Sexe - total","Âge - total",6235
"2024","Solothurn","Étranger","Sexe - total","Âge - total",4571
"2024","Basel-Stadt","Étranger","Sexe - total","Âge - total",6269
"2024","Basel-Landschaft","Étranger","Sexe - total","Âge - total",4100
"2024","Schaffhausen","Étranger","Sexe - total","Âge - total",1664
"2024","Appenzell Ausserrhoden","Étranger","Sexe - total","Âge - total",641
"2024","Appenzell Innerrhoden","Étranger","Sexe - total","Âge - total",156
"2024","St. Gallen","Étranger","Sexe - total","Âge - total",10509
"2024","Graubünden / Grigioni / Grischun","Étranger","Sexe - total","Âge - total",4245
"2024","Aargau","Étranger","Sexe - total","Âge - total",11836
"2024","Thurgau","Étranger","Sexe - total","Âge - total",5541
"2024","Ticino","Étranger","Sexe - total","Âge - total",7249
"2024","Vaud","Étranger","Sexe - total","Âge - total",25182
"2024","Valais / Wallis","Étranger","Sexe - total","Âge - total",9860
"2024","Neuchâtel","Étranger","Sexe - total","Âge - total",3629
"2024","Genčve","Étranger","Sexe - total","Âge - total",21337
"2024","Jura","Étranger","Sexe - total","Âge - total",811
"2024","Sans indication","Étranger","Sexe - total","Âge - total",16
